OBJECTID,GlobalID,CreationDate,Creator,Tissue_Sample,Hind_Limb_Length,Foot_Width,Wrist_Width,Forelimb_Length,Bolea_Head_Width,Maxillary_Head_Width,Head_Length,Finger_Length,Hand_Width,Ear_Length,Toe_Length,Foot_Length,Tail_Length,Body_Length,Reproductive_Stage,Sex,Life_Stage,Weight_Animal_Only,Weight_Bag_Animal,Species,Genus,Tag,YN_Recapture,Location,Date,Latitude,Longitude,notes
1,{12890BA2-1619-41C5-AE55-5B1D7D252FFB},2025-11-08T16:01:31Z,jotmille_UCSC,NA,51,5,3,39,18,15,51,10,7,17,15,46,233,122,Non-Reproductive,Female,Adult,82,100,Dipodomys venustus,Di,NA,No,Hastings,2025-11-08T16:01:37Z,NA,NA,Did not tag NA
2,{A720CCF9-2B13-4707-B8D2-426CE01002E3},2025-11-08T16:19:58Z,jotmille_UCSC,RC2025-22,48.38,5.34,3.03,34.76,23.8,21.52,45.51,8,7,18,15,43,211,93,Unknown,Unknown,Adult,76,94,Dipodomys venustus,Di,108,Yes,Hastings,2025-11-08T16:20:10Z,NA,NA,NA NA
3,{E90F2F02-96F0-4E67-A73E-A4B3C000C67D},2025-11-08T17:07:49Z,jotmille_UCSC,RC2025-23,51.19,5.83,3.51,34.62,20.38,19.96,47.27,10,6,17,17,45,236,NA,NA,NA,NA,NA,88,Dipodomys venustus,Di,948,Yes,Hastings,2025-11-08T17:09:58Z,NA,NA,NA NA
4,{865AF038-9B16-44EE-91E3-5A336500AB37},2025-11-08T17:19:22Z,jotmille_UCSC,RC2025-24,52.34,5.74,3.96,37.41,24.03,18.01,47,9,7,20,15,46,233,110,Non-Reproductive,Male,Adult,89,110,Dipodomys venustus,Di,917,No,Hastings,2025-11-08T17:19:23Z,NA,NA,NA NA
5,{B464F9EF-9309-4CA1-8F9C-1D45FF69CA99},2025-11-09T16:19:56Z,rmcrowle@ucsc.edu_UCSC,NA,52.9,5.57,2.74,36.15,20.51,22.52,47.7,10,8,20,16,48,239,128,Non-Reproductive,Female,Adult,82,105,Dipodomys venustus,Di,910,No,Hastings,2025-11-09T16:15:25Z,NA,NA,NA NA
6,{909C48BB-D2E9-444E-BCDA-7D063BB53D50},2025-11-09T17:49:43Z,jotmille_UCSC,NA,NA,NA,NA,NA,NA,NA,NA,NA,NA,NA,NA,NA,NA,NA,NA,NA,NA,NA,NA,Dipodomys venustus,Di,817,Yes,Hastings,2025-11-09T17:49:47Z,NA,NA,NA NA
7,{FE777AE5-3A52-4F26-B886-A96870C81D5D},2025-11-09T18:07:58Z,jotmille_UCSC,NA,48.93,5.15,3.21,36.46,24.23,19.35,46.05,10,7,16,13,43,237,103,NA,NA,NA,NA,105,Dipodomys venustus,Di,Footprint number #2,No,Hastings,2025-11-09T18:08:03Z,NA,NA,"Escaped early, pictures provided by Hadley NA"
8,{B3D53598-D12E-4EA8-AE01-C8D8015CDC12},2025-11-22T18:15:25Z,jotmille_UCSC,NA,NA,NA,NA,NA,23.07,22.72,44.57,10,6,18,11,46,209,100,NA,Female,NA,78,95,Dipodomys venustus,Di,NA,No,Hastings,2025-11-22T18:15:28Z,NA,NA,NA NA
9,{249F3771-070B-4272-B753-B653046018F3},2025-11-22T15:36:11Z,jotmille_UCSC,RC2025-84,46.6,5.27,3.34,34.77,18.8,17.18,41.88,9,6,16,16,41,232,117,Non-Reproductive,Female,Adult,79,98,Dipodomys venustus,Di,127,No,Hastings,2025-11-22T15:36:13Z,NA,NA,NA NA
10,{E56D9DC1-BF1A-4B30-BD19-9762A5035A7C},2025-11-22T15:52:51Z,jotmille_UCSC,NA,NA,NA,NA,NA,NA,NA,NA,NA,NA,NA,NA,NA,NA,NA,NA,NA,NA,NA,100,Dipodomys venustus,Di,948,Yes,Hastings,2025-11-22T15:52:52Z,NA,NA,NA NA
11,{84E3AF01-2928-4DB9-9E8A-2E009078CE20},2025-11-22T16:10:42Z,jotmille_UCSC,NA,NA,NA,NA,NA,NA,NA,NA,NA,NA,NA,NA,NA,NA,NA,NA,NA,NA,NA,NA,Dipodomys venustus,Di,817,No,Hastings,2025-11-22T16:10:43Z,NA,NA,NA NA
12,{F6E87A2A-7465-428C-8629-E4B3F107653E},2025-11-22T18:08:26Z,jotmille_UCSC,NA,NA,NA,NA,NA,NA,NA,NA,NA,NA,NA,NA,NA,NA,NA,NA,NA,NA,NA,NA,Dipodomys venustus,NA,108,No,Hastings,2025-11-22T18:08:30Z,NA,NA,NA NA
13,{1681CE0C-B97C-4369-AD48-EE42477A4DFC},2025-11-23T16:08:04Z,jotmille_UCSC,NA,NA,NA,NA,NA,NA,NA,NA,NA,NA,NA,NA,NA,NA,NA,NA,NA,NA,NA,NA,Dipodomys venustus,Di,127,Yes,Hastings,2025-11-23T16:08:37Z,NA,NA,NA NA
14,{FEC6A137-9C0F-4E5E-BA9C-3299EB4B75E6},2025-11-23T16:32:24Z,jotmille_UCSC,NA,NA,NA,NA,NA,NA,NA,NA,NA,NA,NA,NA,NA,NA,NA,NA,NA,NA,NA,NA,Dipodomys venustus,Di,817,Yes,Hastings,2025-11-23T16:32:26Z,NA,NA,NA NA
15,{F90E1EA1-1579-4A8A-8D5B-4B46C0A42944},2025-11-23T17:48:25Z,jotmille_UCSC,NA,NA,NA,NA,NA,NA,NA,NA,NA,NA,NA,NA,NA,NA,NA,Non-Reproductive,Female,NA,NA,NA,Dipodomys venustus,Di,108,Yes,Hastings,2025-11-23T17:48:31Z,NA,NA,NA NA
16,{36898FCB-FE74-4BDA-831E-2F5B0A13235B},2025-11-23T17:58:17Z,jotmille_UCSC,RC2025-85,50.11,5.6,3.24,35.74,23.63,17.24,43.4,9,6,16,15,44,209,98,Non-Reproductive,Female,NA,NA,86,Dipodomys venustus,Di,B130,No,Hastings,2025-11-23T17:58:25Z,NA,NA,NA NA
17,{DC67F73F-FF2D-4C80-B6EF-149E1AB3441C},2025-11-23T18:08:03Z,jotmille_UCSC,RC2025-86,47.06,5.24,3.34,36.72,23.17,20.65,44.37,10,7,19,15,45,214,120,Reproductive,Female,Adult,NA,105,Dipodomys venustus,Di,131,No,Hastings,2025-11-23T18:08:16Z,NA,NA,Missing 2 fingers on right foot NA
18,{72A08C16-55C7-4D4D-81EA-71F5DD16A676},2026-01-17T18:29:37Z,jotmille_UCSC,NA,47.85,5.41,3.49,34.29,17.29,21.13,49.85,8,7,18,15,44,219,115,NA,Female,NA,81,93,Dipodomys venustus,DI,825,No,Hastings,2026-01-17T18:38:54Z,NA,NA,NA NA
19,{AB1CCF14-4672-4ED0-BEA4-C47F8FFB9790},2026-01-17T18:53:57Z,jotmille_UCSC,NA,NA,NA,NA,NA,NA,NA,NA,NA,NA,NA,NA,NA,NA,NA,NA,Female,NA,NA,NA,Dipodomys venustus,DI,817,Yes,Hastings,2026-01-17T18:54:11Z,NA,NA,NA NA
20,{A6D7521A-2861-4ED1-8716-F37CA38D878F},2026-01-18T17:45:13Z,jotmille_UCSC,RC2025-82,47.67,5.53,3.14,35.72,24.1,19.58,47.9,11,7,16,14,42,200,104,Non-Reproductive,Female,Adult,76,100,Dipodomys venustus,DI,844,No,Hastings,2026-01-18T17:45:23Z,NA,NA,"Only a few ticks, sub adult. NA"
21,{2A04C811-CB77-4AF0-A81C-127BE3E8F4D9},2026-01-18T18:11:01Z,jotmille_UCSC,NA,NA,NA,NA,NA,NA,NA,NA,NA,NA,NA,NA,NA,NA,NA,NA,Female,NA,NA,NA,Dipodomys venustus,NA,825,Yes,Hastings,2026-01-18T18:11:02Z,NA,NA,A few baby ticks on genitals NA
22,{DB92A363-533F-4BE3-A07C-36EAD41EBFCE},2026-01-18T18:20:31Z,jotmille_UCSC,NA,NA,NA,NA,NA,NA,NA,NA,NA,NA,NA,NA,NA,NA,NA,NA,Female,NA,NA,100,Dipodomys venustus,NA,948,Yes,Hastings,2026-01-18T18:20:32Z,NA,NA,Ticks NA
23,{781DC6FE-1400-4F60-8D90-CACDFC2281AC},2026-01-18T17:01:55Z,jotmille_UCSC,NA,NA,NA,NA,NA,NA,NA,NA,NA,NA,NA,NA,NA,NA,NA,NA,Female,NA,NA,NA,Dipodomys venustus,NA,131,No,Hastings,2026-01-18T17:08:59Z,NA,NA,NA NA
24,{8BC70FBB-9445-4B1E-97A8-1FA29F27B14E},2026-01-18T18:28:12Z,jotmille_UCSC,NA,NA,NA,NA,NA,NA,NA,NA,NA,NA,NA,NA,NA,NA,116,NA,Female,Adult,57,87,Dipodomys venustus,DI,817,Yes,Hastings,2026-01-18T18:28:13Z,NA,NA,"Tick larvae on genitals, tail chopped off and found in a different trap NA"
32,{ABBE6AAF-975F-4374-AA86-A139E40E6B00},2026-04-11T16:12:13Z,jotmille_UCSC,NA,50.15,6.25,3.32,37.52,24.15,21.71,45.57,8,7,16,16,45,214,116,Non-Reproductive,Female,Adult,NA,110,Dipodomys venustus,Di,843,No,Hastings,2026-04-11T16:12:15Z,NA,NA,"Tag ripped out, taken data before, ear holes visible NA"
33,{D13FE41B-772E-4C9E-A347-7EFCDC87A5D8},2026-04-11T16:27:19Z,jotmille_UCSC,NA,48.21,4.78,3.1,35.19,24.91,23.6,46.98,9,7,17,15,45,209,113,Non-Reproductive,Female,Adult,97,110,Dipodomys venustus,Di,825,Yes,Hastings,2026-04-11T16:27:22Z,NA,NA,NA NA
34,{AB1330A2-A56C-48E7-BADA-9D9970CF91D7},2026-04-11T17:06:38Z,jotmille_UCSC,NA,50.59,5.62,3.7,36.72,24.6,21.61,46.28,11,6,19,15,44,240,103,Lactating,Female,Adult,87,100,Dipodomys venustus,Di,948,No,Hastings,2026-04-11T17:06:51Z,NA,NA,NA NA
35,{2D57EB4E-0D4C-43AA-83A1-8573FA457416},2026-04-12T15:43:53Z,jotmille_UCSC,NA,52.48,4.93,2.99,33.63,22.44,23.05,45.93,9,6,16,15,43,230,103,Non-Reproductive,Female,Adult,88,105,Dipodomys venustus,Di,837,No,Hastings,2026-04-12T15:44:01Z,NA,NA,Tagged before NA
36,{E72E6B21-91D8-420D-9300-779712C913CF},2026-06-23T13:37:48Z,rmcrowle@ucsc.edu_UCSC,NA,46.38,5.61,2.99,36.27,24.28,NA,45.61,10,6,19,11,42,226,101,Non-Reproductive,Female,Adult,79,95,Dipodomys venustus,Di,"No tag, ABC for footstamp",No,Hastings,2026-06-23T13:38:10Z,NA,NA,NA NA
37,{139FEF84-4817-43C9-879A-83F6458EFD94},2026-06-23T13:46:36Z,rmcrowle@ucsc.edu_UCSC,NA,51.31,5.86,3.47,36.14,20.41,18.99,48.57,10,6,19,16,45,227,102,Reproductive,Female,Adult,94,110,Dipodomys venustus,Di,839,No,Hastings,2026-06-23T13:46:38Z,NA,NA,NA NA
38,{67084CC5-16A5-4D8F-8E1D-ED9FCE2E4BE8},2026-06-23T14:03:13Z,rmcrowle@ucsc.edu_UCSC,NA,47.17,5.39,3.12,35.9,23.82,18.45,45.3,9,5,16,15,43,222,109,Non-Reproductive,Female,Adult,64,80,Dipodomys venustus,Di,B135,No,Hastings,2026-06-23T14:03:15Z,NA,NA,Subadult NA
39,{125A0CDF-67C1-44A4-81A7-8D8CAF5E89E1},2026-06-23T14:34:13Z,rmcrowle@ucsc.edu_UCSC,NA,50.01,5.55,2.94,38.12,20.34,24.44,47.08,9,6,16,14,44,227,114,Non-Reproductive,Female,Adult,NA,100,Dipodomys venustus,Di,822,No,Hastings,2026-06-23T14:34:22Z,NA,NA,Nasty wound on base of belly near leg NA
40,{61C3BC4D-8FF6-4DEC-AAC7-A511707B73FC},2026-06-23T13:17:40Z,jotmille_UCSC,NA,48.29,5.62,3.27,35.02,25.53,NA,48.88,8,7,18,11,41,217,120,Unknown,Female,Adult,15,115,Dipodomys venustus,De,843,No,Hastings,2026-06-23T13:17:59Z,NA,NA,NA NA
41,{29591CCE-E141-4418-A3FF-522190C09DAA},2026-06-24T13:56:31Z,jotmille_UCSC,NA,NA,NA,NA,NA,NA,NA,NA,NA,NA,NA,NA,NA,NA,NA,NA,NA,NA,NA,NA,Dipodomys venustus,Di,135,No,Hastings,2026-06-24T13:56:39Z,NA,NA,Recap NA
42,{7CA947C7-0CD9-4FEE-825B-7F823332F36B},2026-06-24T13:31:07Z,rmcrowle@ucsc.edu_UCSC,NA,49.41,5.7,3.47,40.68,22.25,NA,45.41,9,6,17,15,44,228,111,Non-Reproductive,Female,Adult,77,92,Dipodomys venustus,Di,824,No,Hastings,2026-06-24T13:31:09Z,NA,NA,Mightve sewn yesterday didn't tag. Has blue feet when we caught it that's why we think it was the untagged from the day before NA
43,{C2AE4215-8190-451B-9388-E5C09B0D9211},2026-06-24T14:04:59Z,rmcrowle@ucsc.edu_UCSC,NA,NA,NA,NA,NA,NA,NA,NA,NA,NA,NA,NA,NA,NA,NA,NA,NA,NA,NA,NA,Dipodomys venustus,Di,NA,No,Hastings,2026-06-24T14:05:00Z,NA,NA,"Escaped right out of the trap, saw that it was tagged but couldn't read it NA"
44,{77B87A6B-F845-413D-97EB-B424CCBBF57B},2026-06-25T13:18:51Z,rmcrowle@ucsc.edu_UCSC,NA,NA,NA,NA,NA,NA,NA,NA,NA,NA,NA,NA,NA,NA,NA,NA,NA,Adult,54,95,Dipodomys venustus,Di,843,Yes,Hastings,2026-06-25T13:18:52Z,NA,NA,NA NA
45,{AF5C69E9-A8EA-48A2-B23A-3DD46D316C78},2026-06-25T13:30:48Z,rmcrowle@ucsc.edu_UCSC,NA,NA,NA,NA,NA,NA,NA,NA,NA,NA,NA,NA,NA,224,101,NA,NA,Adult,NA,92,Dipodomys venustus,Di,839,Yes,Hastings,2026-06-25T13:30:49Z,NA,NA,NA NA
46,{EDF9FF79-68A6-487C-8F11-CD073F16BA30},2026-06-25T14:21:58Z,rmcrowle@ucsc.edu_UCSC,NA,NA,NA,NA,NA,NA,NA,NA,NA,NA,NA,NA,NA,NA,NA,NA,NA,Adult,NA,NA,Dipodomys venustus,Di,135,Yes,Hastings,2026-06-25T14:21:59Z,NA,NA,NA NA
5,{FEB74BF2-0B74-42AD-B6D5-9F09D9F4F6B8},2025-06-22T13:16:28Z,jotmille_UCSC,NA,NA,NA,1.86,NA,NA,37.73,45.35,NA,NA,18,NA,48,230,108,NA,NA,NA,83,NA,Dipodomys venustus,Di,NA,NA,Hastings,2025-06-22T13:08:06Z,36.38159445016123,-121.5428961,NA Released before tagging
6,{C49E51CE-1C75-4A5F-8528-AF20F7F4AE0E},2025-06-22T13:32:05Z,jotmille_UCSC,NA,NA,NA,2.33,32.02,NA,28.58,45.44,NA,NA,19,NA,45,249,103,Unknown,Female,Adult,NA,NA,Dipodomys venustus,Di,748,NA,Hastings,2025-06-22T13:20:10Z,36.38172758801286,-121.5429778,Forelomb length 32.02 NA
8,{A88CF80E-8AE9-4F14-9A3D-3A058082F354},2025-06-22T14:18:18Z,jotmille_UCSC,NA,NA,NA,2.3,34,NA,31.27,45.93,NA,NA,20,NA,44,222,97,Unknown,Female,NA,95,NA,Dipodomys venustus,Di,102,NA,Hastings,2025-06-22T14:03:35Z,NA,NA,Forelimb 34 l NA
9,{5890F4A3-D106-4FD9-A82F-112A53FF3672},2025-06-22T14:40:30Z,jotmille_UCSC,NA,NA,NA,2.95,36.83,NA,32.64,47.06,NA,7,19,NA,45,176,105,Unknown,Female,NA,91,NA,Dipodomys venustus,Di,Not tagged,NA,Hastings,2025-06-22T14:33:09Z,NA,NA,Forelimb l 36.83 released before tagging and prints NA
74,{C20A9398-35A6-48E9-AE2A-2DFFF20CA52D},2025-06-22T16:50:27Z,jotmille_UCSC,NA,NA,NA,3.58,34.6,NA,30.6,41.76,NA,7,17,NA,48,178,88,NA,Female,Adult,NA,NA,Dipodomys venustus,Di,108,NA,Hastings,2025-06-22T16:39:34Z,36.38459357026601,-121.5493463,34.6 NA
79,{10BF9F13-01B5-49BB-B553-A68EFAD124FE},2025-07-12T15:31:38Z,jotmille_UCSC,RC2025-17,48,NA,3.37,34.87,NA,34.5,42,9,8,16,13,42,185,101,NA,Female,Adult,65,NA,Dipodomys heermanni,Di,101,NA,FONR,2025-07-12T15:18:27Z,36.68743170695581,-121.7795968,Tissue 17 NA
85,{16E7C340-4355-4874-8791-F7EF2761148F},2025-07-12T16:14:24Z,jotmille_UCSC,RC2025-15,46.68,NA,3.23,31.44,NA,32.22,43.35,7,8,14,NA,40,197,96,NA,Female,Adult,75,NA,Dipodomys heermanni,Di,110,NA,FONR,2025-07-12T16:04:41Z,36.6783161,-121.7676939,Tissue 15 NA
93,{76E00EAD-2023-4012-B853-FFA25979B897},2025-07-12T17:16:45Z,jotmille_UCSC,RC2025-16,48,NA,3.13,31.3,NA,29.56,43.66,8,6,15,12,43,200,99,Unknown,Male,NA,66,NA,Dipodomys heermanni,Di,103,NA,FONR,2025-07-12T17:08:45Z,36.66717448403249,-121.766191,Tissue 16 NA
97,{334CEBBF-60A1-411A-9C22-4DA9081D7352},2025-07-12T17:45:37Z,jotmille_UCSC,RC2025-09,44.84,NA,3.14,32.11,NA,27.07,NA,8.5,6,16,12,42,188,118,Lactating,Female,Adult,82,NA,Dipodomys heermanni,Di,109,NA,FONR,2025-07-12T17:33:18Z,36.66295344328213,-121.7529567,Tissue 9 NA
99,{C2335301-C703-461F-B05F-E33666370ADE},2025-07-12T18:05:12Z,jotmille_UCSC,RC2025-05,48.07,NA,3.08,30.16,NA,31.01,39.77,8,6,15,14,39,182,110,Reproductive,Male,Adult,79,NA,Dipodomys heermanni,Di,407,yes,FONR,2025-07-12T17:50:15Z,36.66260613394979,-121.7528232,Tissue sample 5 Part of ear missing
100,{196AB800-A8A8-4B37-8678-00BB397A9503},2025-07-12T18:14:49Z,jotmille_UCSC,RC2025-10,45.45,NA,30.37,35.36,NA,30.23,40.51,9,7,125,14,48,184,98,Not Reproductive,Female,Adult,68,NA,Dipodomys heermanni,Di,12,no,FONR,2025-07-12T18:07:12Z,36.66282057,-121.7529706,Tissue sample 10 NA
101,{6F0F6D7F-602B-4E6F-AA6E-FF766631715D},2025-07-13T15:14:24Z,jotmille_UCSC,NA,NA,NA,NA,NA,NA,NA,NA,NA,NA,NA,NA,NA,NA,NA,NA,NA,NA,NA,NA,Dipodomys heermanni,Di,NA,NA,FONR,2025-07-13T15:13:52Z,36.6663062,-121.7655879,NA Let go before data collection
110,{D057E7A0-9BBE-4702-8D7D-A30BA7E35088},2025-07-13T17:13:51Z,jotmille_UCSC,RC2025-18,43.84,NA,3,32.28,NA,26.57,42.27,8,7,17,17,39,200,97,NA,Female,Adult,70,NA,Dipodomys heermanni,Di,106,NA,FONR,2025-07-13T17:06:29Z,36.6779562,-121.7677344,Tissue 18 NA
111,{495AC32D-A469-4AB6-8807-42D0445377FB},2025-07-13T17:45:09Z,jotmille_UCSC,RC2025-01,46.85,NA,3.16,31.34,NA,26.2,44.78,8,7,15,14,40,196,105,NA,Female,Adult,77,NA,Dipodomys heermanni,Di,124,NA,FONR,2025-07-13T17:36:55Z,36.68769905557998,-121.7803547,Tissue 1 NA
119,{2FD6F21D-BAD6-4DAB-8C82-679B58CE154E},2025-07-13T15:55:16Z,fonr_intern_UCSC,RC2025-04,46.17,NA,2.68,42.54,NA,28.65,43.87,8,8,17,15,45,189,96,Reproductive,Female,Adult,85,NA,Dipodomys heermanni,Di,112,no,FONR,2025-07-13T15:41:44Z,36.66330780837386,-121.7534649,Tissue 4 NA
120,{09964AF5-0BEA-44F6-B7D8-3841FAC75F16},2025-07-13T16:01:06Z,fonr_intern_UCSC,RC2025-08,48.91,NA,3.84,31.19,NA,26.47,41.02,8,7,17,13,41,206,114,Not Reproductive,Male,Adult,75,NA,Dipodomys heermanni,Di,113,no,FONR,2025-07-13T15:55:25Z,36.66300672431274,-121.7531359,Tissue 8 NA
121,{F1100A79-8394-483B-8095-250519A2B38E},2025-07-13T16:15:48Z,fonr_intern_UCSC,RC2025-03,45.12,NA,3.67,28.33,NA,34.51,45.44,8,6,16,8,41,207,110,Lactating,Female,Adult,85,NA,Dipodomys heermanni,Di,114,no,FONR,2025-07-13T16:05:41Z,36.66300317382354,-121.7531324,Tissue 3 NA
135,{915BB543-8BDE-4434-8FB6-ABC990AB20B6},2025-09-28T15:09:04Z,jotmille_UCSC,NA,NA,NA,NA,NA,NA,NA,NA,NA,NA,17,NA,NA,191,105,NA,NA,NA,77,NA,Dipodomys heermanni,Di,NA,NA,FONR,2025-09-28T14:57:10Z,36.68559358077792,-121.7759504,Let go on accident NA
136,{0DC47928-75E9-412F-9E46-B45E2161492D},2025-09-28T15:18:34Z,jotmille_UCSC, RC2025-21,47.52,4.76,2.6,30.84,19.62,27.54,42.95,6,6,16,9,41,195,106,NA,NA,NA,NA,NA,Dipodomys heermanni,Di,123,NA,FONR,2025-09-28T15:09:23Z,NA,NA,2nd head width 19.62 tissue # RC2025-21 Forelimb length 30.84
142,{42EEBEAE-9B89-4ED0-9180-EA58D503090A},2025-09-28T16:41:05Z,jotmille_UCSC,RC2025-27,47.36,5.13,2.68,32.38,17.93,26.5,44.2,8,7,16,15,40,196,100,Reproductive,Female,Adult,77,NA,Dipodomys heermanni,Di,121,no,FONR,2025-09-28T16:28:34Z,36.68749936277649,-121.7805275,"Head width 2: 17.93
Forelimb length: 32.38
Vial: RC2025-27 Tissue NA"
147,{AFB84D82-EE41-4BA0-91A3-279B999B40F5},2025-10-18T14:22:00Z,rmcrowle@ucsc.edu_UCSC,NA,NA,NA,NA,NA,NA,NA,NA,NA,NA,15,NA,42,199,106,NA,NA,Adult,80,NA,Dipodomys heermanni,Di,718,yes,FONR,2025-10-18T14:16:40Z,36.6855436,-121.7759445,NA NA
153,{396C14E3-E92E-4903-8A8E-6ABA33E006EC},2025-10-18T14:38:59Z,rmcrowle@ucsc.edu_UCSC,NA,NA,NA,NA,NA,NA,NA,NA,NA,NA,NA,NA,NA,NA,NA,NA,NA,NA,NA,NA,Dipodomys heermanni,Di,123,yes,FONR,2025-10-18T14:37:41Z,36.68595688333333,-121.7756733,NA NA
155,{C0D1B3B4-432C-41EC-8C49-174B5806A752},2025-10-18T15:19:15Z,rmcrowle@ucsc.edu_UCSC,"RC2025-06
",NA,5.46,3.98,35.68,18.7,25.56,44.01,9,7,16,15,43,203,110,Not Reproductive,Female,Adult,69,NA,Dipodomys heermanni,Di,120,no,FONR,2025-10-18T15:07:05Z,36.66313093333333,-121.7534262,"Forelimb length: 35.68
Head Width pm: 25.56
Tissue sample: 6
Nose bleeding NA"
156,{C89EDF0C-171A-4089-BA7C-E7B634E789E2},2025-10-18T15:34:47Z,rmcrowle@ucsc.edu_UCSC,RC2025-01,48.51,4.78,3.01,37.76,18.28,26.05,36.11,7,6,16,13,38,180,107,Unknown,Male,Adult,70,NA,Dipodomys heermanni,Di,407,yes,FONR,2025-10-18T15:21:48Z,36.66312946666667,-121.7533687,"Missing 1 toe on front right hand
Forelimb length: 37.76mm
Head Width B: 18.28mm
Head Width pm: 26.05mm
Tissue #: 1 NA"
161,{526E9DB6-9478-4173-8C63-96C6660DD3D9},2025-10-18T16:04:38Z,rmcrowle@ucsc.edu_UCSC,NA,47.56,4.85,2.5,32.97,23.48,22.74,41.49,8,7,17,15,42,199,110,Reproductive,Female,Adult,63,NA,Dipodomys heermanni,Di,115,no,FONR,2025-10-18T15:52:51Z,36.66267143333333,-121.7528716,"Forelimb length: 32.97mm
Head Width pm: 22.74
Head Width b: 23.48
 NA"
162,{8811F861-4BFE-492A-9032-F86B7FA72746},2025-10-18T16:13:51Z,rmcrowle@ucsc.edu_UCSC,RC2025-11,46.05,4.93,2.56,28.32,23.68,25.93,43.72,8,7,17,15,42,197,98,NA,NA,NA,64,NA,Dipodomys heermanni,Di,119,no,FONR,2025-10-18T16:09:06Z,36.66259986666667,-121.7528449,"Head Width pm: 25.93mm
Head Width b: 23.68mm
Forelimb length: 28.32mm
Sample #: 11 NA"
164,{EB3440E3-55CA-43C1-9E35-9259CD5ABEAF},2025-10-18T16:31:20Z,rmcrowle@ucsc.edu_UCSC,NA,NA,NA,NA,NA,NA,NA,NA,NA,NA,14,NA,44,188,115,NA,NA,NA,NA,NA,Dipodomys heermanni,Di,111,yes,FONR,2025-10-18T16:28:10Z,36.66637428333333,-121.7656266,NA NA
165,{BBD6D5CC-8CDE-41DF-80A9-E1A5D63D0BD0},2025-10-18T16:50:15Z,rmcrowle@ucsc.edu_UCSC,"RC2025-20
",47.5,4.83,3.52,NA,21.99,15.82,41.65,8,7,18,14,41,202,110,Unknown,Female,Adult,67,NA,Dipodomys heermanni,Di,118,no,FONR,2025-10-18T16:37:22Z,36.66633936666667,-121.7655512,"Sample: 20
Forelimb length: 33.53
Head Width b: 21.99
Extra finger/claw on front and hind limbs
Black facial marks contiguous/continuous
Head seemed narrower than usual NA"
167,{5EABB43D-2206-4ACC-98A1-C9F1FB3B79B2},2025-10-18T17:05:11Z,rmcrowle@ucsc.edu_UCSC,"RC2025-25
",48.45,4.63,3.2,33.68,NA,NA,44.2,8,7,16,14,44,194,103,NA,Female,Adult,71,NA,Dipodomys heermanni,Di,117,no,FONR,2025-10-18T16:56:11Z,36.66723401666666,-121.7661409,"Forelimb length: 33.68mm
Head Width pm: 23.82mm
Head Width b: 23.04mm
Sample #: 25
Very strong light patches above eye
Black tail had two black strips NA"
168,{8BA7AB7E-F1E5-475A-B0A1-65B73EF5C0DB},2025-10-18T17:27:30Z,rmcrowle@ucsc.edu_UCSC,NA,NA,NA,NA,NA,NA,NA,NA,NA,NA,NA,NA,NA,NA,NA,NA,NA,Adult,NA,NA,Dipodomys heermanni,Di,122,yes,FONR,2025-10-18T17:27:01Z,36.68751131666667,-121.7796006,NA NA
170,{40B82B91-8F47-4644-8900-8FFDED046EE3},2025-10-18T17:44:25Z,rmcrowle@ucsc.edu_UCSC,NA,NA,NA,NA,NA,NA,NA,NA,NA,NA,NA,NA,NA,NA,NA,NA,NA,NA,NA,NA,Dipodomys heermanni,Di,121,yes,FONR,2025-10-18T17:40:56Z,36.68752484973338,-121.7802866,NA NA
173,{FD2D5FE8-BDCB-4492-855D-13D48BE32D10},2025-10-18T18:11:02Z,rmcrowle@ucsc.edu_UCSC,NA,44.36,4.99,2.83,34.99,20.49,24.68,42.67,8,6,15,13,40,204,104,Not Reproductive,Female,Adult,66,NA,Dipodomys heermanni,Di,116,no,FONR,2025-10-18T17:59:17Z,36.68751021384634,-121.7802881,"Forelimb length: 34.99mm
Head width pm: 24.68
Head width b: 20.49
Sample ran away NA"
176,{E351002D-7BFA-4018-9761-38A378B9B1A2},2025-10-19T14:35:52Z,jotmille_UCSC,RC2025-19,43.05,5.2,2.61,NA,19.6,16.88,41.97,7,7,16,13,41,190,106,NA,NA,Adult,65,NA,Dipodomys heermanni,Di,992,NA,FONR,2025-10-19T14:28:47Z,36.68744227,-121.7794565,Tissue #19 NA
180,{F756D7E1-74B6-48ED-AA47-211BDDA36FF8},2025-10-19T14:51:32Z,jotmille_UCSC,NA,46.79,4.76,2.71,NA,20.44,23.52,41.17,9,7,14,12,40,191,110,NA,Female,Adult,65,NA,Dipodomys heermanni,Di,978,NA,FONR,2025-10-19T14:44:31Z,36.68766609,-121.7803928,NA NA
183,{AC65D88D-C677-4BDA-AFB8-B733EEA3F9CD},2025-10-19T15:03:55Z,jotmille_UCSC,NA,49.11,5.41,3.18,NA,23.01,24.05,42.53,8,8,16,12,42,203,120,NA,Female,NA,78,NA,Dipodomys heermanni,Di,951,NA,FONR,2025-10-19T14:55:35Z,36.68748540929324,-121.7803944,NA NA
187,{4228C5A7-4E4C-4A8C-8D1D-5B9B788B9F59},2025-10-19T16:16:17Z,jotmille_UCSC,NA,46.48,5.55,3.04,NA,22.59,17.12,42.57,7,7,15,12,42,186,108,NA,Female,Adult,70,NA,Dipodomys heermanni,Di,982,NA,FONR,2025-10-19T16:09:41Z,36.66312009771188,-121.7535108,NA NA
192,{F548107E-574E-46AA-B984-E5ED096D15C8},2025-10-19T16:26:04Z,jotmille_UCSC,NA,NA,NA,NA,NA,NA,NA,NA,NA,NA,NA,NA,NA,NA,NA,NA,NA,NA,NA,NA,Dipodomys heermanni,Di,119,yes,FONR,2025-10-19T16:25:39Z,36.66270063379185,-121.7528659,NA NA
195,{C733DD13-F235-460A-B614-7D04F4B798CF},2025-10-19T16:46:18Z,jotmille_UCSC,NA,45.6,5.09,2.7,NA,20.15,26.01,44.93,7,6,16,14,43,199,110,NA,Female,Adult,72,NA,Dipodomys heermanni,Di,946,NA,FONR,2025-10-19T16:38:25Z,36.66651110874065,-121.7658456,NA NA
196,{32F48946-E3E0-4EF8-B02B-9BCE4C0FE0DC},2025-10-19T16:46:45Z,jotmille_UCSC,NA,NA,NA,NA,NA,NA,NA,NA,NA,NA,NA,NA,NA,NA,NA,NA,NA,NA,NA,NA,Dipodomys heermanni,Di,111,yes,FONR,2025-10-19T16:46:22Z,36.66651477046535,-121.7658474,NA NA
197,{60552B21-629F-4534-B872-6AAC6071B873},2025-10-19T16:47:07Z,jotmille_UCSC,NA,NA,NA,NA,NA,NA,NA,NA,NA,NA,NA,NA,NA,NA,NA,NA,NA,NA,NA,NA,Dipodomys heermanni,Di,118,yes,FONR,2025-10-19T16:46:50Z,36.66650834120809,-121.7658397,NA NA
198,{9185CAF5-749F-4BBE-A1E1-9AE8C0650EB0},2025-10-19T16:49:49Z,jotmille_UCSC,NA,NA,NA,NA,NA,NA,NA,NA,NA,NA,NA,NA,NA,NA,NA,NA,NA,NA,NA,NA,Dipodomys heermanni,Di,117,yes,FONR,2025-10-19T16:49:19Z,36.66723044182828,-121.7660799,NA NA
1,{B17F86DB-0716-47DC-97A0-B9A807DA8020},2026-06-30T16:37:50Z,jotmille_UCSC,NA,43.98,5.06,3.3,30.21,15.04,22.15,38.87,7,5,13,13,43,171,94,non-reproductive,Female,Juvinile,58,72,Dipodomys heermanni,Di,F079,No,FONR,2026-06-30T16:42:25Z,36.66344033977877,-121.7534101,NA NA
2,{99775DEF-89B0-4618-9F5D-6D5F644A8AB1},2026-06-30T17:07:11Z,jotmille_UCSC,NA,42.36,4.75,2.84,32.63,20.6,22.13,42.07,7,5,16,11,41,189,102,lactating,Female,Adult,66,80,Dipodomys heermanni,Di,F023,No,FONR,2026-06-30T17:07:12Z,36.665060285321104,-121.7547549,NA NA
3,{81CB68F0-D705-41F6-A104-75F76C773A02},2026-06-30T17:45:00Z,jotmille_UCSC,NA,41.53,4.86,2.92,30.22,20.43,20.15,38.42,8,7,15,14,44,153,101,non-reproductive,Female,Juvinile,46,72,Dipodomys heermanni,Di,F002,No,FONR,2026-06-30T17:45:02Z,36.66533377459275,-121.7548842,NA NA
4,{C9A7B1A2-8C45-4016-BFAB-7F31DBA47999},2026-06-30T17:54:45Z,jotmille_UCSC,NA,45.51,5.36,2.92,32.67,18.1,21.12,40.23,8,6,14,12,41,182,100,non-reproductive,Female,Juvinile,NA,75,Dipodomys heermanni,Di,F003,No,FONR,2026-06-30T17:55:09Z,36.66549540321184,-121.7548378,Left foot is crushed old injury NA
5,{AA611655-4438-4932-AEBB-A163EF231831},2026-06-30T16:28:23Z,rmcrowle@ucsc.edu_UCSC,NA,45.67,5.1,2.97,34.46,18.53,22.33,44.6,6,5,15,11,41,199,104,lactating,Female,Adult,70,88,Dipodomys heermanni,DI,F098,No,FONR,2026-06-30T16:28:26Z,36.663413416666664,-121.7533341,NA NA
6,{ED827535-E88A-4ADE-9E51-3120A86F090C},2026-07-01T17:00:00Z,jotmille_UCSC,NA,NA,NA,NA,NA,NA,NA,NA,NA,NA,NA,NA,NA,NA,NA,NA,NA,Adult,NA,NA,Dipodomys heermanni,Di,F023,Yes,FONR,2026-07-01T17:00:03Z,36.66510086821271,-121.754721,NA NA
7,{C3F9AF32-536A-4A65-81CC-8E99208DEA15},2026-07-01T17:34:57Z,jotmille_UCSC,NA,45.63,5.06,3.57,32.15,20.41,NA,40.95,8,5,15,14,40,178,97,lactating,Female,Adult,60,80,Dipodomys heermanni,Di,NA,No,FONR,2026-07-01T17:34:59Z,NA,NA,Escapee NA
8,{72E45701-EB46-4F0F-BDCA-7868AFA6AB74},2026-07-01T17:46:35Z,jotmille_UCSC,NA,45.78,5.19,3.52,33.91,NA,NA,43.21,7,6,15,11,43,191,97,lactating,Female,Adult,70,90,Dipodomys heermanni,Di,F067,No,FONR,2026-07-01T17:46:39Z,36.66316947515346,-121.7534993,NA NA
9,{3B3D1C87-578F-4094-968C-543E8757A2F1},2026-07-01T17:59:19Z,jotmille_UCSC,NA,44.05,5.09,3.4,31.56,23.67,23.32,41.84,8,5,13,14,41,174,90,non-reproductive,Female,Adult,55,90,Dipodomys heermanni,Di,F083,No,FONR,2026-07-01T17:59:21Z,36.66326471014672,-121.7533984,NA NA
10,{DF5D5FAC-605E-47FA-B7D3-018F24660BC7},2026-07-02T16:10:02Z,jotmille_UCSC,NA,NA,NA,NA,NA,NA,NA,NA,NA,NA,NA,NA,NA,NA,NA,NA,NA,NA,NA,NA,Dipodomys heermanni,Di,821,Yes,FONR,2026-07-02T16:10:03Z,36.665180032175776,-121.7547676,NA NA
11,{EA7FBC31-D3C2-462E-9F83-B2CA462FFAD9},2026-07-02T16:34:32Z,jotmille_UCSC,NA,NA,NA,NA,NA,NA,NA,NA,NA,NA,NA,NA,NA,NA,NA,NA,NA,Adult,NA,NA,Dipodomys heermanni,Di,F003,Yes,FONR,2026-07-02T16:34:35Z,36.66546151830091,-121.7549302,NA NA
12,{F568401D-4FAD-4B87-8AAE-073FBF12FBA6},2026-07-02T17:16:06Z,jotmille_UCSC,NA,NA,NA,NA,NA,NA,NA,NA,NA,NA,NA,NA,NA,NA,NA,NA,NA,NA,NA,NA,Dipodomys heermanni,Di,F098,Yes,FONR,2026-07-02T17:16:08Z,36.663304338643044,-121.7533785,NA NA
13,{499B5A2E-E485-40D9-A130-13B74EF7C698},2026-07-02T17:20:56Z,jotmille_UCSC,NA,NA,NA,NA,NA,NA,NA,NA,NA,NA,NA,NA,NA,NA,NA,NA,NA,NA,NA,NA,Dipodomys heermanni,Di,F079,No,FONR,2026-07-02T17:21:05Z,36.663467098079664,-121.753446,F2 NA
14,{B38C1633-E4E5-4829-B456-A734E01F118B},2026-07-01T16:40:25Z,jotmille_UCSC,NA,49.31,5.88,3.31,34.35,24.52,25.3,45.78,7,7,16,14,42,199,107,reproductive,Male,Adult,90,105,Dipodomys heermanni,Di,821,No,FONR,2026-07-01T16:40:26Z,36.665161216666675,-121.754698,NA NA
15,{11A61E0E-F758-4D15-9B90-CEB8D0F17676},2026-07-02T14:54:53Z,jotmille_UCSC,NA,NA,NA,NA,NA,NA,NA,NA,NA,NA,NA,NA,NA,NA,NA,NA,NA,NA,NA,NA,Dipodomys heermanni,NA,NA,No,FONR,NA,36.686023683333325,-121.776152,NA NA
16,{B2684429-93FC-4224-BD8D-24A33027B58B},2026-07-02T16:07:45Z,jotmille_UCSC,NA,NA,NA,NA,NA,NA,NA,NA,NA,NA,NA,NA,NA,NA,NA,NA,NA,NA,NA,NA,Dipodomys heermanni,NA,F0323,Yes,FONR,NA,36.66512765,-121.7548538,NA NA
17,{78E759B6-FADD-48B5-867C-F34B643E2523},2026-07-29T16:52:01Z,jotmille_UCSC,NA,40.24,5.11,3.42,39.16,16.23,21.24,39.96,7,5,13,12,40,172,92,"reproductive,non-reproductive",Female,Adult,46,57,Dipodomys heermanni,Dipodomys,F017,No,FONR,2026-07-29T16:52:04Z,NA,NA,NA NA
18,{A4798389-6176-452D-97EE-4B26DF4F4652},2026-07-29T17:02:18Z,jotmille_UCSC,NA,44.83,5.06,2.75,34.63,19.21,24.12,40.41,7,6,15,13,42,201,98,reproductive,Female,Adult,73,85,Dipodomys heermanni,Di,F098,Yes,FONR,2026-07-29T17:02:20Z,36.66327166666666,-121.7534078,NA NA
