OBJECTID,GlobalID,esrignss_speed,esrignss_direction,esrisnsr_azimuth,esrignss_positionsourcetype,esrignss_receiver,esrignss_h_rms,esrignss_v_rms,esrignss_latitude,esrignss_longitude,esrignss_altitude,esrignss_pdop,esrignss_hdop,esrignss_vdop,esrignss_fixtype,esrignss_correctionage,esrignss_stationid,esrignss_numsats,esrignss_fixdatetime,esrignss_avg_h_rms,esrignss_avg_v_rms,esrignss_avg_positions,esrignss_h_stddev,CreationDate,Creator,EditDate,Editor,NOTES,Ear_mm,Foot_mm,Tail_mm,Body_mm,Sex,Reproductive_Stage,Life_Stage,Animal_Weight_g,Subspecies_Code,Species_Code,genus,Tag_Number,Tripped_Trap_y_n,Bait_Stolen_y_n,Recap_y_n,Animal_y_n,location_code,date_time,KRAT_Notes,KRAT_Hind_Toe_Length,KRAT_Hind_Limb_Length,KRAT_Foot_Width_mm,KRAT_Foot_Length_mm,KRAT_Hand_Width_mm,KRAT_Finger_Length,KRAT_Wrist_Width_mm,KRAT_Forelimb_Length_mm,KRAT_Teeth,KRAT_Head_Width_mm,KRAT_Head_Length_mm,all_nums,all_labels,num1,num2,lab1,lab2,Maxillary_Head_Width,Bolea_Head_Width,Tissue_Sample
5,{FEB74BF2-0B74-42AD-B6D5-9F09D9F4F6B8},0.010211087,116.8659357545387,71.75609588623047,2,iPhone 15 Pro Max,4.74865153,4.487087438102936,36.38159445016123,-121.5428961,591.2760723438114,NA,NA,NA,NA,NA,NA,NA,2025-06-22T13:08:03Z,NA,NA,NA,NA,2025-06-22T13:16:28Z,jotmille_UCSC,2026-01-29T19:07:27Z,jotmille_UCSC,Released before tagging,18,48,230,108,NA,NA,NA,83,NA,NA,Di,NA,NA,NA,NA,yes,Hastings,2025-06-22T13:08:06Z,NA,NA,NA,NA,NA,NA,NA,1.86,,4,37.73,45.35,,,37.73,NA,NA,NA,37.73,NA,NA
6,{C49E51CE-1C75-4A5F-8528-AF20F7F4AE0E},0,205.7792880714765,15.51550865,2,iPhone 15 Pro Max,4.748651530191761,4.817027213502873,36.38172758801286,-121.5429778,593.1015183320269,NA,NA,NA,NA,NA,NA,NA,2025-06-22T13:18:26Z,NA,NA,NA,NA,2025-06-22T13:32:05Z,jotmille_UCSC,2026-01-29T19:07:27Z,jotmille_UCSC,NA,19,45,249,103,Female,Unknown,Adult,NA,NA,NA,Di,748,NA,NA,NA,NA,Hastings,2025-06-22T13:20:10Z,Forelomb length 32.02,NA,NA,NA,NA,NA,NA,2.33,32.02,3.5,28.58,45.44,,,28.58,NA,NA,NA,28.58,NA,
8,{A88CF80E-8AE9-4F14-9A3D-3A058082F354},NA,NA,NA,1,NA,NA,NA,NA,NA,NA,NA,NA,NA,NA,NA,NA,NA,NA,NA,NA,NA,NA,2025-06-22T14:18:18Z,jotmille_UCSC,2026-01-29T19:11:19Z,jotmille_UCSC,NA,20,44,222,97,Female,Unknown,NA,95,NA,NA,Di,102,NA,NA,NA,NA,Hastings,2025-06-22T14:03:35Z,Forelimb 34 l,NA,NA,NA,NA,NA,NA,2.3,34,4.5,31.27,45.93,,,31.27,NA,NA,NA,31.27,NA,
9,{5890F4A3-D106-4FD9-A82F-112A53FF3672},NA,NA,NA,1,NA,NA,NA,NA,NA,NA,NA,NA,NA,NA,NA,NA,NA,NA,NA,NA,NA,NA,2025-06-22T14:40:30Z,jotmille_UCSC,2026-01-29T19:11:17Z,jotmille_UCSC,NA,19,45,176,105,Female,Unknown,NA,91,NA,NA,Di,Not tagged,NA,NA,NA,NA,Hastings,2025-06-22T14:33:09Z,Forelimb l 36.83 released before tagging and prints,NA,NA,NA,NA,7,NA,2.95,36.83,NA,32.64,47.06,,,32.64,NA,NA,NA,32.64,NA,
74,{C20A9398-35A6-48E9-AE2A-2DFFF20CA52D},0,164.1805644357423,30.82740211486816,2,iPhone 15 Pro Max,4.748651530191761,4.314171434602757,36.38459357026601,-121.5493463,562.4488804340363,NA,NA,NA,NA,NA,NA,NA,2025-06-22T16:39:31Z,NA,NA,NA,NA,2025-06-22T16:50:27Z,jotmille_UCSC,2026-01-29T19:07:27Z,jotmille_UCSC,NA,17,48,178,88,Female,NA,Adult,NA,NA,NA,Di,108,NA,NA,NA,NA,Hastings,2025-06-22T16:39:34Z,34.6,NA,NA,NA,NA,7,NA,3.58,34.6,3.5,30.6,41.76,,,30.6,NA,NA,NA,30.6,NA,
79,{10BF9F13-01B5-49BB-B553-A68EFAD124FE},0,NA,338.6339111328125,2,iPhone 15 Pro Max,8.751679597767932,6.687610997323342,36.68743170695581,-121.7795968,35.55832317750901,NA,NA,NA,NA,NA,NA,NA,2025-07-12T15:18:24Z,NA,NA,NA,NA,2025-07-12T15:31:38Z,jotmille_UCSC,2025-07-13T19:40:46Z,jotmille_UCSC,NA,16,42,185,101,Female,NA,Adult,65,NA,He,Di,101,NA,NA,NA,NA,FONR,2025-07-12T15:18:27Z,Tissue 17,13,48,NA,NA,8,9,3.37,34.87,NA,34.5,42,,,34.5,NA,NA,NA,34.5,NA,RC2025-17
85,{16E7C340-4355-4874-8791-F7EF2761148F},0.3145843507043788,15.09252885150295,320.0762329101562,2,iPhone 15 Pro Max,4.879153465,3.813497308935676,36.6783161,-121.7676939,39.35239499807358,NA,NA,NA,NA,NA,NA,NA,2025-07-12T16:12:24Z,NA,NA,NA,NA,2025-07-12T16:14:24Z,jotmille_UCSC,2025-07-13T19:40:40Z,jotmille_UCSC,NA,14,40,197,96,Female,NA,Adult,75,NA,He,Di,110,NA,NA,NA,NA,FONR,2025-07-12T16:04:41Z,Tissue 15,NA,46.68,NA,NA,8,7,3.23,31.44,NA,32.22,43.35,,,32.22,NA,NA,NA,32.22,NA,RC2025-15
93,{76E00EAD-2023-4012-B853-FFA25979B897},0,176.6954962465956,359.8787536621094,2,iPhone 15 Pro Max,6.202327508,4.841329234578986,36.66717448403249,-121.766191,43.91808188,NA,NA,NA,NA,NA,NA,NA,2025-07-12T17:08:44Z,NA,NA,NA,NA,2025-07-12T17:16:45Z,jotmille_UCSC,2025-07-12T17:16:45Z,jotmille_UCSC,NA,15,43,200,99,Male,Unknown,NA,66,NA,He,Di,103,NA,NA,NA,NA,FONR,2025-07-12T17:08:45Z,Tissue 16,12,48,NA,NA,6,8,3.13,31.3,NA,29.56,43.66,,,29.56,NA,NA,NA,29.56,NA,RC2025-16
97,{334CEBBF-60A1-411A-9C22-4DA9081D7352},0,65.93560435,217.6851959228516,2,iPhone 15 Pro Max,6.642786320608371,5.952872322255056,36.66295344328213,-121.7529567,47.54577584471554,NA,NA,NA,NA,NA,NA,NA,2025-07-12T17:33:18Z,NA,NA,NA,NA,2025-07-12T17:45:37Z,jotmille_UCSC,2025-07-13T19:40:22Z,jotmille_UCSC,NA,16,42,188,118,Female,Lactating,Adult,82,NA,He,Di,109,NA,NA,NA,NA,FONR,2025-07-12T17:33:18Z,Tissue 9,12,44.84,NA,NA,6,8.5,3.14,32.11,NA,27.07,NA,,,27.07,NA,NA,NA,27.07,NA,RC2025-09
99,{C2335301-C703-461F-B05F-E33666370ADE},0,294.8392080146547,250.0940856933594,2,iPad mini 6,3.610149281,3.143419389,36.66260613394979,-121.7528232,47.22095060348511,NA,NA,NA,NA,NA,NA,NA,2025-07-12T17:49:01Z,NA,NA,NA,NA,2025-07-12T18:05:12Z,jotmille_UCSC,2025-07-13T19:49:39Z,jotmille_UCSC,Part of ear missing,15,39,182,110,Male,Reproductive,Adult,79,NA,He,Di,407,no,no,yes,yes,FONR,2025-07-12T17:50:15Z,Tissue sample 5,14,48.07,NA,39,6,8,3.08,30.16,NA,31.01,39.77,,,31.01,NA,NA,NA,31.01,NA,RC2025-05
100,{196AB800-A8A8-4B37-8678-00BB397A9503},0,56.75289538033802,266.8168029785156,2,iPad mini 6,6.482766919223241,5.548620629620924,36.66282057,-121.7529706,47.36236260272563,NA,NA,NA,NA,NA,NA,NA,2025-07-12T18:06:46Z,NA,NA,NA,NA,2025-07-12T18:14:49Z,jotmille_UCSC,2025-07-13T19:49:32Z,jotmille_UCSC,NA,125,48,184,98,Female,Not Reproductive,Adult,68,NA,He,Di,12,no,no,no,yes,FONR,2025-07-12T18:07:12Z,Tissue sample 10,14,45.45,NA,NA,7,9,30.37,35.36,NA,30.23,40.51,,,30.23,NA,NA,NA,30.23,NA,RC2025-10
101,{6F0F6D7F-602B-4E6F-AA6E-FF766631715D},0.5048019826412201,NA,241.1145629882812,2,iPhone 15 Pro Max,6.231941854,3,36.6663062,-121.7655879,48.55717995,NA,NA,NA,NA,NA,NA,NA,2025-07-13T15:13:51Z,NA,NA,NA,NA,2025-07-13T15:14:24Z,jotmille_UCSC,2025-07-13T15:14:24Z,jotmille_UCSC,Let go before data collection,NA,NA,NA,NA,NA,NA,NA,NA,NA,He,Di,NA,NA,NA,NA,NA,FONR,2025-07-13T15:13:52Z,NA,NA,NA,NA,NA,NA,NA,NA,NA,NA,NA,NA,,,NA,NA,NA,NA,NA,NA,NA
110,{D057E7A0-9BBE-4702-8D7D-A30BA7E35088},0.6334396541118622,NA,69.85691071,2,iPhone 15 Pro Max,6.035750424,3,36.6779562,-121.7677344,36.33817309864219,NA,NA,NA,NA,NA,NA,NA,2025-07-13T17:05:24Z,NA,NA,NA,NA,2025-07-13T17:13:51Z,jotmille_UCSC,2025-07-22T04:47:27Z,rmcrowle@ucsc.edu_UCSC,NA,17,39,200,97,Female,NA,Adult,70,NA,He,Di,106,NA,NA,NA,NA,FONR,2025-07-13T17:06:29Z,Tissue 18,17,43.84,NA,NA,7,8,3,32.28,NA,26.57,42.27,,,26.57,NA,NA,NA,26.57,NA,RC2025-18
111,{495AC32D-A469-4AB6-8807-42D0445377FB},0.026174022,274.6724784,93.26949310302734,2,iPhone 15 Pro Max,4.74865153,8.513213312957847,36.68769905557998,-121.7803547,36.22445653565228,NA,NA,NA,NA,NA,NA,NA,2025-07-13T17:36:53Z,NA,NA,NA,NA,2025-07-13T17:45:09Z,jotmille_UCSC,2025-07-13T19:39:17Z,jotmille_UCSC,NA,15,40,196,105,Female,NA,Adult,77,NA,He,Di,124,NA,NA,NA,NA,FONR,2025-07-13T17:36:55Z,Tissue 1,14,46.85,NA,NA,7,8,3.16,31.34,NA,26.2,44.78,,,26.2,NA,NA,NA,26.2,NA,RC2025-01
119,{2FD6F21D-BAD6-4DAB-8C82-679B58CE154E},0,NA,138.3474731445312,2,iPad mini 6,4.748651530191761,4.029364438188556,36.66330780837386,-121.7534649,47.33259584661573,NA,NA,NA,NA,NA,NA,NA,2025-07-13T15:41:42Z,NA,NA,NA,NA,2025-07-13T15:55:16Z,fonr_intern_UCSC,2025-07-13T19:49:25Z,jotmille_UCSC,NA,17,45,189,96,Female,Reproductive,Adult,85,NA,He,Di,112,no,no,no,yes,FONR,2025-07-13T15:41:44Z,Tissue 4,15,46.17,NA,NA,8,8,2.68,42.54,NA,28.65,43.87,,,28.65,NA,NA,NA,28.65,NA,RC2025-04
120,{09964AF5-0BEA-44F6-B7D8-3841FAC75F16},0.093399311,NA,327.4072875976562,2,iPad mini 6,5.165330038992426,4.071866834,36.66300672431274,-121.7531359,50.01094058714807,NA,NA,NA,NA,NA,NA,NA,2025-07-13T15:55:22Z,NA,NA,NA,NA,2025-07-13T16:01:06Z,fonr_intern_UCSC,2025-07-13T19:49:52Z,jotmille_UCSC,NA,17,41,206,114,Male,Not Reproductive,Adult,75,NA,He,Di,113,no,no,no,yes,FONR,2025-07-13T15:55:25Z,Tissue 8,13,48.91,NA,NA,7,8,3.84,31.19,NA,26.47,41.02,,,26.47,NA,NA,NA,26.47,NA,RC2025-08
121,{F1100A79-8394-483B-8095-250519A2B38E},0.050892501,NA,319.2681274414062,2,iPad mini 6,4.6604916222173864,3.183354480232956,36.66300317382354,-121.7531324,50.23476174473763,NA,NA,NA,NA,NA,NA,NA,2025-07-13T16:05:32Z,NA,NA,NA,NA,2025-07-13T16:15:48Z,fonr_intern_UCSC,2025-07-13T19:49:58Z,jotmille_UCSC,NA,16,41,207,110,Female,Lactating,Adult,85,NA,He,Di,114,NA,no,no,yes,FONR,2025-07-13T16:05:41Z,Tissue 3,8,45.12,NA,NA,6,8,3.67,28.33,NA,34.51,45.44,,,34.51,NA,NA,NA,34.51,NA,RC2025-03
135,{915BB543-8BDE-4434-8FB6-ABC990AB20B6},2.073568583,173.3584246826845,53.37464904785156,2,iPhone 15 Pro Max,3.293720064025265,3,36.68559358077792,-121.7759504,41.03301492709716,NA,NA,NA,NA,NA,NA,NA,2025-09-28T14:57:07Z,NA,NA,NA,NA,2025-09-28T15:09:04Z,jotmille_UCSC,2025-09-28T15:09:04Z,jotmille_UCSC,NA,17,NA,191,105,NA,NA,NA,77,NA,He,Di,NA,NA,NA,NA,yes,FONR,2025-09-28T14:57:10Z,Let go on accident,NA,NA,NA,NA,NA,NA,NA,NA,NA,NA,NA,,,NA,NA,NA,NA,NA,NA,
136,{0DC47928-75E9-412F-9E46-B45E2161492D},NA,NA,NA,1,NA,NA,NA,NA,NA,NA,NA,NA,NA,NA,NA,NA,NA,NA,NA,NA,NA,NA,2025-09-28T15:18:34Z,jotmille_UCSC,2025-09-28T15:18:34Z,jotmille_UCSC,Forelimb length 30.84,16,41,195,106,NA,NA,NA,NA,NA,He,Di,123,NA,NA,NA,yes,FONR,2025-09-28T15:09:23Z,2nd head width 19.62 tissue # RC2025-21,9,47.52,4.76,NA,6,6,2.6,30.84,2,27.54,42.95,,,27.54,NA,NA,NA,27.54,19.62, RC2025-21
142,{42EEBEAE-9B89-4ED0-9180-EA58D503090A},0,336.4453125,5.756379127502441,2,iPad mini 6,3.576546903473699,3,36.68749936277649,-121.7805275,36.76576232910156,NA,NA,NA,NA,NA,NA,NA,2025-09-28T16:28:29Z,NA,NA,NA,NA,2025-09-28T16:41:05Z,jotmille_UCSC,2025-09-28T16:41:05Z,jotmille_UCSC,NA,16,40,196,100,Female,Reproductive,Adult,77,NA,He,Di,121,no,no,no,yes,FONR,2025-09-28T16:28:34Z,"Head width 2: 17.93
Forelimb length: 32.38
Vial: RC2025-27 Tissue",15,47.36,5.13,40,7,8,2.68,32.38,NA,26.5,44.2,,,26.5,NA,NA,NA,26.5,17.93,RC2025-27
147,{AFB84D82-EE41-4BA0-91A3-279B999B40F5},0,0,2.122423441416913,2,Samsung SM-A716U,2.82,3.29,36.6855436,-121.7759445,6.700000000000003,0.9,0.6,0.7,1,NA,NA,21,2025-10-18T14:16:37Z,NA,NA,NA,NA,2025-10-18T14:22:00Z,rmcrowle@ucsc.edu_UCSC,2025-10-18T14:22:00Z,rmcrowle@ucsc.edu_UCSC,NA,15,42,199,106,NA,NA,Adult,80,NA,He,Di,718,no,no,yes,yes,FONR,2025-10-18T14:16:40Z,NA,NA,NA,NA,42,NA,NA,NA,NA,NA,NA,NA,,,NA,NA,NA,NA,NA,NA,NA
153,{396C14E3-E92E-4903-8A8E-6ABA33E006EC},0,0,294.9645233,2,Samsung SM-A716U,2.82,2.82,36.68595688333333,-121.7756733,4.799999999999997,0.9,0.6,0.6,1,NA,NA,22,2025-10-18T14:37:38Z,NA,NA,NA,NA,2025-10-18T14:38:59Z,rmcrowle@ucsc.edu_UCSC,2025-10-18T14:38:59Z,rmcrowle@ucsc.edu_UCSC,NA,NA,NA,NA,NA,NA,NA,NA,NA,NA,He,Di,123,no,no,yes,yes,FONR,2025-10-18T14:37:41Z,NA,NA,NA,NA,NA,NA,NA,NA,NA,NA,NA,NA,,,NA,NA,NA,NA,NA,NA,NA
155,{C0D1B3B4-432C-41EC-8C49-174B5806A752},0,0,147.4228440266902,2,Samsung SM-A716U,2.82,2.82,36.66313093333333,-121.7534262,14.1,0.9,0.6,0.6,1,NA,NA,21,2025-10-18T15:06:09Z,NA,NA,NA,NA,2025-10-18T15:19:15Z,rmcrowle@ucsc.edu_UCSC,2025-10-18T15:19:15Z,rmcrowle@ucsc.edu_UCSC,NA,16,43,203,110,Female,Not Reproductive,Adult,69,NA,He,Di,120,no,no,no,yes,FONR,2025-10-18T15:07:05Z,"Forelimb length: 35.68
Head Width pm: 25.56
Tissue sample: 6
Nose bleeding",15,NA,5.46,NA,7,9,3.98,35.68,NA,18.7b,44.01,,,18.7,NA,b,NA,25.56,18.7,"RC2025-06
"
156,{C89EDF0C-171A-4089-BA7C-E7B634E789E2},0,0,95.77831522155225,2,Samsung SM-A716U,2.82,2.82,36.66312946666667,-121.7533687,14.2,0.8,0.6,0.6,1,NA,NA,22,2025-10-18T15:21:43Z,NA,NA,NA,NA,2025-10-18T15:34:47Z,rmcrowle@ucsc.edu_UCSC,2025-10-18T15:35:41Z,rmcrowle@ucsc.edu_UCSC,NA,16,38,180,107,Male,Unknown,Adult,70,NA,He,Di,407,yes,no,yes,yes,FONR,2025-10-18T15:21:48Z,"Missing 1 toe on front right hand
Forelimb length: 37.76mm
Head Width B: 18.28mm
Head Width pm: 26.05mm
Tissue #: 1",13,48.51,4.78,38,6,7,3.01,37.76,NA,NA,36.11,,,NA,NA,NA,NA,26.05,18.28,RC2025-01
161,{526E9DB6-9478-4173-8C63-96C6660DD3D9},0,0,183.1442179339457,2,Samsung SM-A716U,2.82,3.29,36.66267143333333,-121.7528716,15.3,0.9,0.6,0.7,1,NA,NA,20,2025-10-18T15:52:48Z,NA,NA,NA,NA,2025-10-18T16:04:38Z,rmcrowle@ucsc.edu_UCSC,2025-10-18T16:04:38Z,rmcrowle@ucsc.edu_UCSC,NA,17,42,199,110,Female,Reproductive,Adult,63,NA,He,Di,115,yes,no,no,yes,FONR,2025-10-18T15:52:51Z,"Forelimb length: 32.97mm
Head Width pm: 22.74
Head Width b: 23.48
",15,47.56,4.85,42,7,8,2.5,32.97,NA,NA,41.49,,,NA,NA,NA,NA,22.74,23.48,
162,{8811F861-4BFE-492A-9032-F86B7FA72746},0,0,148.6895845705392,2,Samsung SM-A716U,2.82,3.29,36.66259986666667,-121.7528449,11.7,0.9,0.6,0.7,1,NA,NA,21,2025-10-18T16:04:42Z,NA,NA,NA,NA,2025-10-18T16:13:51Z,rmcrowle@ucsc.edu_UCSC,2025-10-18T16:13:51Z,rmcrowle@ucsc.edu_UCSC,NA,17,42,197,98,NA,NA,NA,64,NA,He,Di,119,yes,NA,no,yes,FONR,2025-10-18T16:09:06Z,"Head Width pm: 25.93mm
Head Width b: 23.68mm
Forelimb length: 28.32mm
Sample #: 11",15,46.05,4.93,42,7,8,2.56,28.32,NA,NA,43.72,,,NA,NA,NA,NA,25.93,23.68,RC2025-11
164,{EB3440E3-55CA-43C1-9E35-9259CD5ABEAF},0,0,279.0647718449634,2,Samsung SM-A716U,2.82,3.29,36.66637428333333,-121.7656266,13.7,0.9,0.6,0.7,1,NA,NA,21,2025-10-18T16:28:00Z,NA,NA,NA,NA,2025-10-18T16:31:20Z,rmcrowle@ucsc.edu_UCSC,2025-10-18T16:35:57Z,rmcrowle@ucsc.edu_UCSC,NA,14,44,188,115,NA,NA,NA,NA,NA,He,Di,111,no,no,yes,yes,FONR,2025-10-18T16:28:10Z,NA,NA,NA,NA,NA,NA,NA,NA,NA,NA,NA,NA,,,NA,NA,NA,NA,NA,NA,NA
165,{BBD6D5CC-8CDE-41DF-80A9-E1A5D63D0BD0},0,0,255.0710412907607,2,Samsung SM-A716U,2.82,3.29,36.66633936666667,-121.7655512,9.299999999999997,0.9,0.6,0.7,1,NA,NA,21,2025-10-18T16:37:21Z,NA,NA,NA,NA,2025-10-18T16:50:15Z,rmcrowle@ucsc.edu_UCSC,2025-10-18T16:50:15Z,rmcrowle@ucsc.edu_UCSC,NA,18,41,202,110,Female,Unknown,Adult,67,NA,He,Di,118,no,no,no,yes,FONR,2025-10-18T16:37:22Z,"Sample: 20
Forelimb length: 33.53
Head Width b: 21.99
Extra finger/claw on front and hind limbs
Black facial marks contiguous/continuous
Head seemed narrower than usual",14,47.5,4.83,NA,7,8,3.52,NA,NA,Pm 15.82,41.65,,,15.82,NA,pm,NA,15.82,21.99,"RC2025-20
"
167,{5EABB43D-2206-4ACC-98A1-C9F1FB3B79B2},0,0,336.3577014616146,2,Samsung SM-A716U,2.82,3.29,36.66723401666666,-121.7661409,7.299999999999997,0.9,0.6,0.7,1,NA,NA,22,2025-10-18T16:56:10Z,NA,NA,NA,NA,2025-10-18T17:05:11Z,rmcrowle@ucsc.edu_UCSC,2025-10-18T17:05:11Z,rmcrowle@ucsc.edu_UCSC,NA,16,44,194,103,Female,NA,Adult,71,NA,He,Di,117,yes,no,no,yes,FONR,2025-10-18T16:56:11Z,"Forelimb length: 33.68mm
Head Width pm: 23.82mm
Head Width b: 23.04mm
Sample #: 25
Very strong light patches above eye
Black tail had two black strips",14,48.45,4.63,44,7,8,3.2,33.68,NA,NA,44.2,,,NA,NA,NA,NA,NA,NA,"RC2025-25
"
168,{8BA7AB7E-F1E5-475A-B0A1-65B73EF5C0DB},0,0,138.9140812266335,2,Samsung SM-A716U,2.35,3.29,36.68751131666667,-121.7796006,3.800000000000001,0.9,0.5,0.7,1,NA,NA,24,2025-10-18T17:26:59Z,NA,NA,NA,NA,2025-10-18T17:27:30Z,rmcrowle@ucsc.edu_UCSC,2025-10-18T17:27:30Z,rmcrowle@ucsc.edu_UCSC,NA,NA,NA,NA,NA,NA,NA,Adult,NA,NA,He,Di,122,NA,NA,yes,NA,FONR,2025-10-18T17:27:01Z,NA,NA,NA,NA,NA,NA,NA,NA,NA,NA,NA,NA,,,NA,NA,NA,NA,NA,NA,NA
170,{40B82B91-8F47-4644-8900-8FFDED046EE3},0.2015114437881646,-1,52.25909805297852,2,iPhone 13 Pro,6.542565644845835,3.929299130785964,36.68752484973338,-121.7802866,37.01608427,NA,NA,NA,NA,NA,NA,NA,2025-10-18T17:40:30Z,NA,NA,NA,NA,2025-10-18T17:44:25Z,rmcrowle@ucsc.edu_UCSC,2025-10-18T17:44:25Z,rmcrowle@ucsc.edu_UCSC,NA,NA,NA,NA,NA,NA,NA,NA,NA,NA,He,Di,121,yes,no,yes,yes,FONR,2025-10-18T17:40:56Z,NA,NA,NA,NA,NA,NA,NA,NA,NA,NA,NA,NA,,,NA,NA,NA,NA,NA,NA,NA
173,{FD2D5FE8-BDCB-4492-855D-13D48BE32D10},0,189.9882517411885,291.9158020019531,2,iPhone 13 Pro,4.9147352,3.907372136,36.68751021384634,-121.7802881,37.37569722440094,NA,NA,NA,NA,NA,NA,NA,2025-10-18T17:49:10Z,NA,NA,NA,NA,2025-10-18T18:11:02Z,rmcrowle@ucsc.edu_UCSC,2025-10-18T18:11:02Z,rmcrowle@ucsc.edu_UCSC,NA,15,40,204,104,Female,Not Reproductive,Adult,66,NA,He,Di,116,yes,no,no,yes,FONR,2025-10-18T17:59:17Z,"Forelimb length: 34.99mm
Head width pm: 24.68
Head width b: 20.49
Sample ran away",13,44.36,4.99,40,6,8,2.83,34.99,NA,NA,42.67,,,NA,NA,NA,NA,24.68,20.49,NA
176,{E351002D-7BFA-4018-9761-38A378B9B1A2},0.6404127851040811,164.4192497453132,102.9452514648438,2,iPhone 15 Pro Max,3.713208401,3.140149361521906,36.68744227,-121.7794565,33.40942751429975,NA,NA,NA,NA,NA,NA,NA,2025-10-19T14:28:46Z,NA,NA,NA,NA,2025-10-19T14:35:52Z,jotmille_UCSC,2025-10-19T14:35:52Z,jotmille_UCSC,NA,16,41,190,106,NA,NA,Adult,65,NA,He,Di,992,NA,NA,NA,NA,FONR,2025-10-19T14:28:47Z,Tissue #19,13,43.05,5.2,NA,7,7,2.61,Length 30.59,NA,16.88 pm 19.6 b,41.97,,,16.88,19.6,pm,b,16.88,19.6,RC2025-19
180,{F756D7E1-74B6-48ED-AA47-211BDDA36FF8},0,-1,224.4320068359375,2,iPhone 15 Pro Max,4.166553510922277,3,36.68766609,-121.7803928,33.06060658860952,NA,NA,NA,NA,NA,NA,NA,2025-10-19T14:44:28Z,NA,NA,NA,NA,2025-10-19T14:51:32Z,jotmille_UCSC,2025-10-19T14:51:32Z,jotmille_UCSC,NA,14,40,191,110,Female,NA,Adult,65,NA,He,Di,978,NA,NA,NA,yes,FONR,2025-10-19T14:44:31Z,NA,12,46.79,4.76,NA,7,9,2.71,Length 30.07,NA,Pm 23.52 b 20.44,41.17,,,23.52,20.44,pm,b,23.52,20.44,NA
183,{AC65D88D-C677-4BDA-AFB8-B733EEA3F9CD},0.6053696393966674,-1,107.2394485473633,2,iPhone 15 Pro Max,7.119590140701342,3,36.68748540929324,-121.7803944,36.72257782779836,NA,NA,NA,NA,NA,NA,NA,2025-10-19T14:55:33Z,NA,NA,NA,NA,2025-10-19T15:03:55Z,jotmille_UCSC,2025-10-19T15:03:55Z,jotmille_UCSC,NA,16,42,203,120,Female,NA,NA,78,NA,He,Di,951,NA,NA,NA,yes,FONR,2025-10-19T14:55:35Z,NA,12,49.11,5.41,NA,8,8,3.18,32.55 length,NA,24.05 pm 23.01 b,42.53,,,24.05,23.01,pm,b,24.05,23.01,NA
187,{4228C5A7-4E4C-4A8C-8D1D-5B9B788B9F59},0,-1,251.4042358398438,2,iPhone 15 Pro Max,6.528857432424358,3,36.66312009771188,-121.7535108,47.02528760954738,NA,NA,NA,NA,NA,NA,NA,2025-10-19T16:16:07Z,NA,NA,NA,NA,2025-10-19T16:16:17Z,jotmille_UCSC,2025-10-19T16:16:17Z,jotmille_UCSC,NA,15,42,186,108,Female,NA,Adult,70,NA,He,Di,982,NA,NA,NA,yes,FONR,2025-10-19T16:09:41Z,NA,12,46.48,5.55,NA,7,7,3.04,Length 31.75,NA,Pm 17.12 b 22.59,42.57,,,17.12,22.59,pm,b,17.12,22.59,NA
192,{F548107E-574E-46AA-B984-E5ED096D15C8},0.7568726599216461,-1,347.3239746,2,iPhone 15 Pro Max,4.379279771512661,3,36.66270063379185,-121.7528659,49.31815780568507,NA,NA,NA,NA,NA,NA,NA,2025-10-19T16:25:37Z,NA,NA,NA,NA,2025-10-19T16:26:04Z,jotmille_UCSC,2025-10-19T16:26:04Z,jotmille_UCSC,NA,NA,NA,NA,NA,NA,NA,NA,NA,NA,He,Di,119,NA,NA,yes,yes,FONR,2025-10-19T16:25:39Z,NA,NA,NA,NA,NA,NA,NA,NA,NA,NA,NA,NA,,,NA,NA,NA,NA,NA,NA,NA
195,{C733DD13-F235-460A-B614-7D04F4B798CF},0.3354570180675239,-1,11.09484672546387,2,iPhone 15 Pro Max,4.993227004,3,36.66651110874065,-121.7658456,44.71940512210131,NA,NA,NA,NA,NA,NA,NA,2025-10-19T16:46:12Z,NA,NA,NA,NA,2025-10-19T16:46:18Z,jotmille_UCSC,2025-10-19T16:46:18Z,jotmille_UCSC,NA,16,43,199,110,Female,NA,Adult,72,NA,He,Di,946,NA,NA,NA,yes,FONR,2025-10-19T16:38:25Z,NA,14,45.6,5.09,NA,6,7,2.7,Length 31.24,NA,Pm 26.01 b 20.15,44.93,,,26.01,20.15,pm,b,26.01,20.15,NA
196,{32F48946-E3E0-4EF8-B02B-9BCE4C0FE0DC},0,-1,15.17422771453857,2,iPhone 15 Pro Max,5.0997070334730346,3,36.66651477046535,-121.7658474,44.71075011231005,NA,NA,NA,NA,NA,NA,NA,2025-10-19T16:46:20Z,NA,NA,NA,NA,2025-10-19T16:46:45Z,jotmille_UCSC,2025-10-19T16:46:45Z,jotmille_UCSC,NA,NA,NA,NA,NA,NA,NA,NA,NA,NA,He,Di,111,NA,NA,yes,yes,FONR,2025-10-19T16:46:22Z,NA,NA,NA,NA,NA,NA,NA,NA,NA,NA,NA,NA,,,NA,NA,NA,NA,NA,NA,NA
197,{60552B21-629F-4534-B872-6AAC6071B873},0,-1,25.30995369,2,iPhone 15 Pro Max,5.604384704156377,3,36.66650834120809,-121.7658397,44.62534949276596,NA,NA,NA,NA,NA,NA,NA,2025-10-19T16:46:48Z,NA,NA,NA,NA,2025-10-19T16:47:07Z,jotmille_UCSC,2025-10-19T16:47:07Z,jotmille_UCSC,NA,NA,NA,NA,NA,NA,NA,NA,NA,NA,He,Di,118,NA,NA,yes,yes,FONR,2025-10-19T16:46:50Z,NA,NA,NA,NA,NA,NA,NA,NA,NA,NA,NA,NA,,,NA,NA,NA,NA,NA,NA,NA
198,{9185CAF5-749F-4BBE-A1E1-9AE8C0650EB0},2.389708113670336,36.23818256463844,262.5702209472656,2,iPhone 15 Pro Max,4.74865153,3.177796772398057,36.66723044182828,-121.7660799,44.89072242937982,NA,NA,NA,NA,NA,NA,NA,2025-10-19T16:48:54Z,NA,NA,NA,NA,2025-10-19T16:49:49Z,jotmille_UCSC,2025-10-19T16:49:49Z,jotmille_UCSC,NA,NA,NA,NA,NA,NA,NA,NA,NA,NA,He,Di,117,NA,NA,yes,yes,FONR,2025-10-19T16:49:19Z,NA,NA,NA,NA,NA,NA,NA,NA,NA,NA,NA,NA,,,NA,NA,NA,NA,NA,NA,NA
